user_id,type,login,node_id,site_admin,avatar_url,url,html_url,followers_url,following_url,gists_url,starred_url,subscriptions_url,organizations_url,repos_url,events_url,received_events_url,user_view_type,extracted_at_utc
5931124,User,sonlac,MDQ6VXNlcjU5MzExMjQ=,False,https://avatars.githubusercontent.com/u/5931124?v=4,https://api.github.com/users/sonlac,https://github.com/sonlac,https://api.github.com/users/sonlac/followers,https://api.github.com/users/sonlac/following{/other_user},https://api.github.com/users/sonlac/gists{/gist_id},https://api.github.com/users/sonlac/starred{/owner}{/repo},https://api.github.com/users/sonlac/subscriptions,https://api.github.com/users/sonlac/orgs,https://api.github.com/users/sonlac/repos,https://api.github.com/users/sonlac/events{/privacy},https://api.github.com/users/sonlac/received_events,public,2026-01-25T05:35:02.947987+00:00
255876472,User,asifhasanoff55-tech,U_kgDOD0BdeA,False,https://avatars.githubusercontent.com/u/255876472?v=4,https://api.github.com/users/asifhasanoff55-tech,https://github.com/asifhasanoff55-tech,https://api.github.com/users/asifhasanoff55-tech/followers,https://api.github.com/users/asifhasanoff55-tech/following{/other_user},https://api.github.com/users/asifhasanoff55-tech/gists{/gist_id},https://api.github.com/users/asifhasanoff55-tech/starred{/owner}{/repo},https://api.github.com/users/asifhasanoff55-tech/subscriptions,https://api.github.com/users/asifhasanoff55-tech/orgs,https://api.github.com/users/asifhasanoff55-tech/repos,https://api.github.com/users/asifhasanoff55-tech/events{/privacy},https://api.github.com/users/asifhasanoff55-tech/received_events,public,2026-01-25T05:35:02.947987+00:00
180185578,User,rishabh-oswal-opensc,U_kgDOCr1p6g,False,https://avatars.githubusercontent.com/u/180185578?v=4,https://api.github.com/users/rishabh-oswal-opensc,https://github.com/rishabh-oswal-opensc,https://api.github.com/users/rishabh-oswal-opensc/followers,https://api.github.com/users/rishabh-oswal-opensc/following{/other_user},https://api.github.com/users/rishabh-oswal-opensc/gists{/gist_id},https://api.github.com/users/rishabh-oswal-opensc/starred{/owner}{/repo},https://api.github.com/users/rishabh-oswal-opensc/subscriptions,https://api.github.com/users/rishabh-oswal-opensc/orgs,https://api.github.com/users/rishabh-oswal-opensc/repos,https://api.github.com/users/rishabh-oswal-opensc/events{/privacy},https://api.github.com/users/rishabh-oswal-opensc/received_events,public,2026-01-25T05:35:02.947987+00:00
738805,User,zaros,MDQ6VXNlcjczODgwNQ==,False,https://avatars.githubusercontent.com/u/738805?v=4,https://api.github.com/users/zaros,https://github.com/zaros,https://api.github.com/users/zaros/followers,https://api.github.com/users/zaros/following{/other_user},https://api.github.com/users/zaros/gists{/gist_id},https://api.github.com/users/zaros/starred{/owner}{/repo},https://api.github.com/users/zaros/subscriptions,https://api.github.com/users/zaros/orgs,https://api.github.com/users/zaros/repos,https://api.github.com/users/zaros/events{/privacy},https://api.github.com/users/zaros/received_events,public,2026-01-25T05:35:02.947987+00:00
243644943,User,konnor-b,U_kgDODoW6Dw,False,https://avatars.githubusercontent.com/u/243644943?v=4,https://api.github.com/users/konnor-b,https://github.com/konnor-b,https://api.github.com/users/konnor-b/followers,https://api.github.com/users/konnor-b/following{/other_user},https://api.github.com/users/konnor-b/gists{/gist_id},https://api.github.com/users/konnor-b/starred{/owner}{/repo},https://api.github.com/users/konnor-b/subscriptions,https://api.github.com/users/konnor-b/orgs,https://api.github.com/users/konnor-b/repos,https://api.github.com/users/konnor-b/events{/privacy},https://api.github.com/users/konnor-b/received_events,public,2026-01-25T05:35:02.947987+00:00
104092395,User,oleksandr-kinship,U_kgDOBjRS6w,False,https://avatars.githubusercontent.com/u/104092395?v=4,https://api.github.com/users/oleksandr-kinship,https://github.com/oleksandr-kinship,https://api.github.com/users/oleksandr-kinship/followers,https://api.github.com/users/oleksandr-kinship/following{/other_user},https://api.github.com/users/oleksandr-kinship/gists{/gist_id},https://api.github.com/users/oleksandr-kinship/starred{/owner}{/repo},https://api.github.com/users/oleksandr-kinship/subscriptions,https://api.github.com/users/oleksandr-kinship/orgs,https://api.github.com/users/oleksandr-kinship/repos,https://api.github.com/users/oleksandr-kinship/events{/privacy},https://api.github.com/users/oleksandr-kinship/received_events,public,2026-01-25T05:35:02.947987+00:00
37067860,User,subediparas5,MDQ6VXNlcjM3MDY3ODYw,False,https://avatars.githubusercontent.com/u/37067860?v=4,https://api.github.com/users/subediparas5,https://github.com/subediparas5,https://api.github.com/users/subediparas5/followers,https://api.github.com/users/subediparas5/following{/other_user},https://api.github.com/users/subediparas5/gists{/gist_id},https://api.github.com/users/subediparas5/starred{/owner}{/repo},https://api.github.com/users/subediparas5/subscriptions,https://api.github.com/users/subediparas5/orgs,https://api.github.com/users/subediparas5/repos,https://api.github.com/users/subediparas5/events{/privacy},https://api.github.com/users/subediparas5/received_events,public,2026-01-25T05:35:02.947987+00:00
8168598,User,tim0306,MDQ6VXNlcjgxNjg1OTg=,False,https://avatars.githubusercontent.com/u/8168598?v=4,https://api.github.com/users/tim0306,https://github.com/tim0306,https://api.github.com/users/tim0306/followers,https://api.github.com/users/tim0306/following{/other_user},https://api.github.com/users/tim0306/gists{/gist_id},https://api.github.com/users/tim0306/starred{/owner}{/repo},https://api.github.com/users/tim0306/subscriptions,https://api.github.com/users/tim0306/orgs,https://api.github.com/users/tim0306/repos,https://api.github.com/users/tim0306/events{/privacy},https://api.github.com/users/tim0306/received_events,public,2026-01-25T05:35:02.947987+00:00
75130519,User,temarych,MDQ6VXNlcjc1MTMwNTE5,False,https://avatars.githubusercontent.com/u/75130519?v=4,https://api.github.com/users/temarych,https://github.com/temarych,https://api.github.com/users/temarych/followers,https://api.github.com/users/temarych/following{/other_user},https://api.github.com/users/temarych/gists{/gist_id},https://api.github.com/users/temarych/starred{/owner}{/repo},https://api.github.com/users/temarych/subscriptions,https://api.github.com/users/temarych/orgs,https://api.github.com/users/temarych/repos,https://api.github.com/users/temarych/events{/privacy},https://api.github.com/users/temarych/received_events,public,2026-01-25T05:35:02.947987+00:00
4210849,User,freget,MDQ6VXNlcjQyMTA4NDk=,False,https://avatars.githubusercontent.com/u/4210849?v=4,https://api.github.com/users/freget,https://github.com/freget,https://api.github.com/users/freget/followers,https://api.github.com/users/freget/following{/other_user},https://api.github.com/users/freget/gists{/gist_id},https://api.github.com/users/freget/starred{/owner}{/repo},https://api.github.com/users/freget/subscriptions,https://api.github.com/users/freget/orgs,https://api.github.com/users/freget/repos,https://api.github.com/users/freget/events{/privacy},https://api.github.com/users/freget/received_events,public,2026-01-25T05:35:02.947987+00:00
49714883,User,panhf,MDQ6VXNlcjQ5NzE0ODgz,False,https://avatars.githubusercontent.com/u/49714883?v=4,https://api.github.com/users/panhf,https://github.com/panhf,https://api.github.com/users/panhf/followers,https://api.github.com/users/panhf/following{/other_user},https://api.github.com/users/panhf/gists{/gist_id},https://api.github.com/users/panhf/starred{/owner}{/repo},https://api.github.com/users/panhf/subscriptions,https://api.github.com/users/panhf/orgs,https://api.github.com/users/panhf/repos,https://api.github.com/users/panhf/events{/privacy},https://api.github.com/users/panhf/received_events,public,2026-01-25T05:35:02.947987+00:00
45468465,User,nikaltipar,MDQ6VXNlcjQ1NDY4NDY1,False,https://avatars.githubusercontent.com/u/45468465?v=4,https://api.github.com/users/nikaltipar,https://github.com/nikaltipar,https://api.github.com/users/nikaltipar/followers,https://api.github.com/users/nikaltipar/following{/other_user},https://api.github.com/users/nikaltipar/gists{/gist_id},https://api.github.com/users/nikaltipar/starred{/owner}{/repo},https://api.github.com/users/nikaltipar/subscriptions,https://api.github.com/users/nikaltipar/orgs,https://api.github.com/users/nikaltipar/repos,https://api.github.com/users/nikaltipar/events{/privacy},https://api.github.com/users/nikaltipar/received_events,public,2026-01-25T05:35:02.947987+00:00
23270912,User,leodrivera,MDQ6VXNlcjIzMjcwOTEy,False,https://avatars.githubusercontent.com/u/23270912?v=4,https://api.github.com/users/leodrivera,https://github.com/leodrivera,https://api.github.com/users/leodrivera/followers,https://api.github.com/users/leodrivera/following{/other_user},https://api.github.com/users/leodrivera/gists{/gist_id},https://api.github.com/users/leodrivera/starred{/owner}{/repo},https://api.github.com/users/leodrivera/subscriptions,https://api.github.com/users/leodrivera/orgs,https://api.github.com/users/leodrivera/repos,https://api.github.com/users/leodrivera/events{/privacy},https://api.github.com/users/leodrivera/received_events,public,2026-01-25T05:35:02.947987+00:00
167798162,User,KiranGunda7,U_kgDOCgBlkg,False,https://avatars.githubusercontent.com/u/167798162?v=4,https://api.github.com/users/KiranGunda7,https://github.com/KiranGunda7,https://api.github.com/users/KiranGunda7/followers,https://api.github.com/users/KiranGunda7/following{/other_user},https://api.github.com/users/KiranGunda7/gists{/gist_id},https://api.github.com/users/KiranGunda7/starred{/owner}{/repo},https://api.github.com/users/KiranGunda7/subscriptions,https://api.github.com/users/KiranGunda7/orgs,https://api.github.com/users/KiranGunda7/repos,https://api.github.com/users/KiranGunda7/events{/privacy},https://api.github.com/users/KiranGunda7/received_events,public,2026-01-25T05:35:02.947987+00:00
156774615,User,Mutharasu84,U_kgDOCVgw1w,False,https://avatars.githubusercontent.com/u/156774615?v=4,https://api.github.com/users/Mutharasu84,https://github.com/Mutharasu84,https://api.github.com/users/Mutharasu84/followers,https://api.github.com/users/Mutharasu84/following{/other_user},https://api.github.com/users/Mutharasu84/gists{/gist_id},https://api.github.com/users/Mutharasu84/starred{/owner}{/repo},https://api.github.com/users/Mutharasu84/subscriptions,https://api.github.com/users/Mutharasu84/orgs,https://api.github.com/users/Mutharasu84/repos,https://api.github.com/users/Mutharasu84/events{/privacy},https://api.github.com/users/Mutharasu84/received_events,public,2026-01-25T05:35:02.947987+00:00
240487877,User,anjujoy564-ai,U_kgDODlWNxQ,False,https://avatars.githubusercontent.com/u/240487877?v=4,https://api.github.com/users/anjujoy564-ai,https://github.com/anjujoy564-ai,https://api.github.com/users/anjujoy564-ai/followers,https://api.github.com/users/anjujoy564-ai/following{/other_user},https://api.github.com/users/anjujoy564-ai/gists{/gist_id},https://api.github.com/users/anjujoy564-ai/starred{/owner}{/repo},https://api.github.com/users/anjujoy564-ai/subscriptions,https://api.github.com/users/anjujoy564-ai/orgs,https://api.github.com/users/anjujoy564-ai/repos,https://api.github.com/users/anjujoy564-ai/events{/privacy},https://api.github.com/users/anjujoy564-ai/received_events,public,2026-01-25T05:35:02.947987+00:00
49695385,User,muhssamy,MDQ6VXNlcjQ5Njk1Mzg1,False,https://avatars.githubusercontent.com/u/49695385?v=4,https://api.github.com/users/muhssamy,https://github.com/muhssamy,https://api.github.com/users/muhssamy/followers,https://api.github.com/users/muhssamy/following{/other_user},https://api.github.com/users/muhssamy/gists{/gist_id},https://api.github.com/users/muhssamy/starred{/owner}{/repo},https://api.github.com/users/muhssamy/subscriptions,https://api.github.com/users/muhssamy/orgs,https://api.github.com/users/muhssamy/repos,https://api.github.com/users/muhssamy/events{/privacy},https://api.github.com/users/muhssamy/received_events,public,2026-01-25T05:35:02.947987+00:00
46118221,User,CNysb,MDQ6VXNlcjQ2MTE4MjIx,False,https://avatars.githubusercontent.com/u/46118221?v=4,https://api.github.com/users/CNysb,https://github.com/CNysb,https://api.github.com/users/CNysb/followers,https://api.github.com/users/CNysb/following{/other_user},https://api.github.com/users/CNysb/gists{/gist_id},https://api.github.com/users/CNysb/starred{/owner}{/repo},https://api.github.com/users/CNysb/subscriptions,https://api.github.com/users/CNysb/orgs,https://api.github.com/users/CNysb/repos,https://api.github.com/users/CNysb/events{/privacy},https://api.github.com/users/CNysb/received_events,public,2026-01-25T05:35:02.947987+00:00
233711372,User,ccccchoyu,U_kgDODe4nDA,False,https://avatars.githubusercontent.com/u/233711372?v=4,https://api.github.com/users/ccccchoyu,https://github.com/ccccchoyu,https://api.github.com/users/ccccchoyu/followers,https://api.github.com/users/ccccchoyu/following{/other_user},https://api.github.com/users/ccccchoyu/gists{/gist_id},https://api.github.com/users/ccccchoyu/starred{/owner}{/repo},https://api.github.com/users/ccccchoyu/subscriptions,https://api.github.com/users/ccccchoyu/orgs,https://api.github.com/users/ccccchoyu/repos,https://api.github.com/users/ccccchoyu/events{/privacy},https://api.github.com/users/ccccchoyu/received_events,public,2026-01-25T05:35:02.947987+00:00
1168692,User,dennisobrien,MDQ6VXNlcjExNjg2OTI=,False,https://avatars.githubusercontent.com/u/1168692?v=4,https://api.github.com/users/dennisobrien,https://github.com/dennisobrien,https://api.github.com/users/dennisobrien/followers,https://api.github.com/users/dennisobrien/following{/other_user},https://api.github.com/users/dennisobrien/gists{/gist_id},https://api.github.com/users/dennisobrien/starred{/owner}{/repo},https://api.github.com/users/dennisobrien/subscriptions,https://api.github.com/users/dennisobrien/orgs,https://api.github.com/users/dennisobrien/repos,https://api.github.com/users/dennisobrien/events{/privacy},https://api.github.com/users/dennisobrien/received_events,public,2026-01-25T05:35:02.947987+00:00
26270125,User,parkseulkee,MDQ6VXNlcjI2MjcwMTI1,False,https://avatars.githubusercontent.com/u/26270125?v=4,https://api.github.com/users/parkseulkee,https://github.com/parkseulkee,https://api.github.com/users/parkseulkee/followers,https://api.github.com/users/parkseulkee/following{/other_user},https://api.github.com/users/parkseulkee/gists{/gist_id},https://api.github.com/users/parkseulkee/starred{/owner}{/repo},https://api.github.com/users/parkseulkee/subscriptions,https://api.github.com/users/parkseulkee/orgs,https://api.github.com/users/parkseulkee/repos,https://api.github.com/users/parkseulkee/events{/privacy},https://api.github.com/users/parkseulkee/received_events,public,2026-01-25T05:35:02.947987+00:00
64227274,User,vovavili,MDQ6VXNlcjY0MjI3Mjc0,False,https://avatars.githubusercontent.com/u/64227274?v=4,https://api.github.com/users/vovavili,https://github.com/vovavili,https://api.github.com/users/vovavili/followers,https://api.github.com/users/vovavili/following{/other_user},https://api.github.com/users/vovavili/gists{/gist_id},https://api.github.com/users/vovavili/starred{/owner}{/repo},https://api.github.com/users/vovavili/subscriptions,https://api.github.com/users/vovavili/orgs,https://api.github.com/users/vovavili/repos,https://api.github.com/users/vovavili/events{/privacy},https://api.github.com/users/vovavili/received_events,public,2026-01-25T05:35:02.947987+00:00
43797956,User,pawel99k,MDQ6VXNlcjQzNzk3OTU2,False,https://avatars.githubusercontent.com/u/43797956?v=4,https://api.github.com/users/pawel99k,https://github.com/pawel99k,https://api.github.com/users/pawel99k/followers,https://api.github.com/users/pawel99k/following{/other_user},https://api.github.com/users/pawel99k/gists{/gist_id},https://api.github.com/users/pawel99k/starred{/owner}{/repo},https://api.github.com/users/pawel99k/subscriptions,https://api.github.com/users/pawel99k/orgs,https://api.github.com/users/pawel99k/repos,https://api.github.com/users/pawel99k/events{/privacy},https://api.github.com/users/pawel99k/received_events,public,2026-01-25T05:35:02.947987+00:00
66875014,User,HoergerL,MDQ6VXNlcjY2ODc1MDE0,False,https://avatars.githubusercontent.com/u/66875014?v=4,https://api.github.com/users/HoergerL,https://github.com/HoergerL,https://api.github.com/users/HoergerL/followers,https://api.github.com/users/HoergerL/following{/other_user},https://api.github.com/users/HoergerL/gists{/gist_id},https://api.github.com/users/HoergerL/starred{/owner}{/repo},https://api.github.com/users/HoergerL/subscriptions,https://api.github.com/users/HoergerL/orgs,https://api.github.com/users/HoergerL/repos,https://api.github.com/users/HoergerL/events{/privacy},https://api.github.com/users/HoergerL/received_events,public,2026-01-25T05:35:02.947987+00:00
9835138,User,praveen-kanamarlapudi,MDQ6VXNlcjk4MzUxMzg=,False,https://avatars.githubusercontent.com/u/9835138?v=4,https://api.github.com/users/praveen-kanamarlapudi,https://github.com/praveen-kanamarlapudi,https://api.github.com/users/praveen-kanamarlapudi/followers,https://api.github.com/users/praveen-kanamarlapudi/following{/other_user},https://api.github.com/users/praveen-kanamarlapudi/gists{/gist_id},https://api.github.com/users/praveen-kanamarlapudi/starred{/owner}{/repo},https://api.github.com/users/praveen-kanamarlapudi/subscriptions,https://api.github.com/users/praveen-kanamarlapudi/orgs,https://api.github.com/users/praveen-kanamarlapudi/repos,https://api.github.com/users/praveen-kanamarlapudi/events{/privacy},https://api.github.com/users/praveen-kanamarlapudi/received_events,public,2026-01-25T05:35:02.947987+00:00
210908552,User,cfpalacio,U_kgDODJI1iA,False,https://avatars.githubusercontent.com/u/210908552?v=4,https://api.github.com/users/cfpalacio,https://github.com/cfpalacio,https://api.github.com/users/cfpalacio/followers,https://api.github.com/users/cfpalacio/following{/other_user},https://api.github.com/users/cfpalacio/gists{/gist_id},https://api.github.com/users/cfpalacio/starred{/owner}{/repo},https://api.github.com/users/cfpalacio/subscriptions,https://api.github.com/users/cfpalacio/orgs,https://api.github.com/users/cfpalacio/repos,https://api.github.com/users/cfpalacio/events{/privacy},https://api.github.com/users/cfpalacio/received_events,public,2026-01-25T05:35:02.947987+00:00
510566,User,smcl,MDQ6VXNlcjUxMDU2Ng==,False,https://avatars.githubusercontent.com/u/510566?v=4,https://api.github.com/users/smcl,https://github.com/smcl,https://api.github.com/users/smcl/followers,https://api.github.com/users/smcl/following{/other_user},https://api.github.com/users/smcl/gists{/gist_id},https://api.github.com/users/smcl/starred{/owner}{/repo},https://api.github.com/users/smcl/subscriptions,https://api.github.com/users/smcl/orgs,https://api.github.com/users/smcl/repos,https://api.github.com/users/smcl/events{/privacy},https://api.github.com/users/smcl/received_events,public,2026-01-25T05:35:02.947987+00:00
81804797,User,victorgrcp,MDQ6VXNlcjgxODA0Nzk3,False,https://avatars.githubusercontent.com/u/81804797?v=4,https://api.github.com/users/victorgrcp,https://github.com/victorgrcp,https://api.github.com/users/victorgrcp/followers,https://api.github.com/users/victorgrcp/following{/other_user},https://api.github.com/users/victorgrcp/gists{/gist_id},https://api.github.com/users/victorgrcp/starred{/owner}{/repo},https://api.github.com/users/victorgrcp/subscriptions,https://api.github.com/users/victorgrcp/orgs,https://api.github.com/users/victorgrcp/repos,https://api.github.com/users/victorgrcp/events{/privacy},https://api.github.com/users/victorgrcp/received_events,public,2026-01-25T05:35:02.947987+00:00
16416781,User,leftkats,MDQ6VXNlcjE2NDE2Nzgx,False,https://avatars.githubusercontent.com/u/16416781?v=4,https://api.github.com/users/leftkats,https://github.com/leftkats,https://api.github.com/users/leftkats/followers,https://api.github.com/users/leftkats/following{/other_user},https://api.github.com/users/leftkats/gists{/gist_id},https://api.github.com/users/leftkats/starred{/owner}{/repo},https://api.github.com/users/leftkats/subscriptions,https://api.github.com/users/leftkats/orgs,https://api.github.com/users/leftkats/repos,https://api.github.com/users/leftkats/events{/privacy},https://api.github.com/users/leftkats/received_events,public,2026-01-25T05:35:02.947987+00:00
11615737,User,jmcorreia,MDQ6VXNlcjExNjE1NzM3,False,https://avatars.githubusercontent.com/u/11615737?v=4,https://api.github.com/users/jmcorreia,https://github.com/jmcorreia,https://api.github.com/users/jmcorreia/followers,https://api.github.com/users/jmcorreia/following{/other_user},https://api.github.com/users/jmcorreia/gists{/gist_id},https://api.github.com/users/jmcorreia/starred{/owner}{/repo},https://api.github.com/users/jmcorreia/subscriptions,https://api.github.com/users/jmcorreia/orgs,https://api.github.com/users/jmcorreia/repos,https://api.github.com/users/jmcorreia/events{/privacy},https://api.github.com/users/jmcorreia/received_events,public,2026-01-25T05:35:02.947987+00:00
32097278,User,learnprofile,MDQ6VXNlcjMyMDk3Mjc4,False,https://avatars.githubusercontent.com/u/32097278?v=4,https://api.github.com/users/learnprofile,https://github.com/learnprofile,https://api.github.com/users/learnprofile/followers,https://api.github.com/users/learnprofile/following{/other_user},https://api.github.com/users/learnprofile/gists{/gist_id},https://api.github.com/users/learnprofile/starred{/owner}{/repo},https://api.github.com/users/learnprofile/subscriptions,https://api.github.com/users/learnprofile/orgs,https://api.github.com/users/learnprofile/repos,https://api.github.com/users/learnprofile/events{/privacy},https://api.github.com/users/learnprofile/received_events,public,2026-01-25T05:35:02.947987+00:00
52441157,User,kassnl09,MDQ6VXNlcjUyNDQxMTU3,False,https://avatars.githubusercontent.com/u/52441157?v=4,https://api.github.com/users/kassnl09,https://github.com/kassnl09,https://api.github.com/users/kassnl09/followers,https://api.github.com/users/kassnl09/following{/other_user},https://api.github.com/users/kassnl09/gists{/gist_id},https://api.github.com/users/kassnl09/starred{/owner}{/repo},https://api.github.com/users/kassnl09/subscriptions,https://api.github.com/users/kassnl09/orgs,https://api.github.com/users/kassnl09/repos,https://api.github.com/users/kassnl09/events{/privacy},https://api.github.com/users/kassnl09/received_events,public,2026-01-25T05:35:02.947987+00:00
45355153,User,Rohitjoshi07,MDQ6VXNlcjQ1MzU1MTUz,False,https://avatars.githubusercontent.com/u/45355153?v=4,https://api.github.com/users/Rohitjoshi07,https://github.com/Rohitjoshi07,https://api.github.com/users/Rohitjoshi07/followers,https://api.github.com/users/Rohitjoshi07/following{/other_user},https://api.github.com/users/Rohitjoshi07/gists{/gist_id},https://api.github.com/users/Rohitjoshi07/starred{/owner}{/repo},https://api.github.com/users/Rohitjoshi07/subscriptions,https://api.github.com/users/Rohitjoshi07/orgs,https://api.github.com/users/Rohitjoshi07/repos,https://api.github.com/users/Rohitjoshi07/events{/privacy},https://api.github.com/users/Rohitjoshi07/received_events,public,2026-01-25T05:35:02.947987+00:00
42599869,User,mradulbohra,MDQ6VXNlcjQyNTk5ODY5,False,https://avatars.githubusercontent.com/u/42599869?v=4,https://api.github.com/users/mradulbohra,https://github.com/mradulbohra,https://api.github.com/users/mradulbohra/followers,https://api.github.com/users/mradulbohra/following{/other_user},https://api.github.com/users/mradulbohra/gists{/gist_id},https://api.github.com/users/mradulbohra/starred{/owner}{/repo},https://api.github.com/users/mradulbohra/subscriptions,https://api.github.com/users/mradulbohra/orgs,https://api.github.com/users/mradulbohra/repos,https://api.github.com/users/mradulbohra/events{/privacy},https://api.github.com/users/mradulbohra/received_events,public,2026-01-25T05:35:02.947987+00:00
114914020,User,LuukKaandorpAH,U_kgDOBtly5A,False,https://avatars.githubusercontent.com/u/114914020?v=4,https://api.github.com/users/LuukKaandorpAH,https://github.com/LuukKaandorpAH,https://api.github.com/users/LuukKaandorpAH/followers,https://api.github.com/users/LuukKaandorpAH/following{/other_user},https://api.github.com/users/LuukKaandorpAH/gists{/gist_id},https://api.github.com/users/LuukKaandorpAH/starred{/owner}{/repo},https://api.github.com/users/LuukKaandorpAH/subscriptions,https://api.github.com/users/LuukKaandorpAH/orgs,https://api.github.com/users/LuukKaandorpAH/repos,https://api.github.com/users/LuukKaandorpAH/events{/privacy},https://api.github.com/users/LuukKaandorpAH/received_events,public,2026-01-25T05:35:02.947987+00:00
179879811,User,lucasarruda-ciandt,U_kgDOCri_gw,False,https://avatars.githubusercontent.com/u/179879811?v=4,https://api.github.com/users/lucasarruda-ciandt,https://github.com/lucasarruda-ciandt,https://api.github.com/users/lucasarruda-ciandt/followers,https://api.github.com/users/lucasarruda-ciandt/following{/other_user},https://api.github.com/users/lucasarruda-ciandt/gists{/gist_id},https://api.github.com/users/lucasarruda-ciandt/starred{/owner}{/repo},https://api.github.com/users/lucasarruda-ciandt/subscriptions,https://api.github.com/users/lucasarruda-ciandt/orgs,https://api.github.com/users/lucasarruda-ciandt/repos,https://api.github.com/users/lucasarruda-ciandt/events{/privacy},https://api.github.com/users/lucasarruda-ciandt/received_events,public,2026-01-25T05:35:02.947987+00:00
1940532,User,larruda,MDQ6VXNlcjE5NDA1MzI=,False,https://avatars.githubusercontent.com/u/1940532?v=4,https://api.github.com/users/larruda,https://github.com/larruda,https://api.github.com/users/larruda/followers,https://api.github.com/users/larruda/following{/other_user},https://api.github.com/users/larruda/gists{/gist_id},https://api.github.com/users/larruda/starred{/owner}{/repo},https://api.github.com/users/larruda/subscriptions,https://api.github.com/users/larruda/orgs,https://api.github.com/users/larruda/repos,https://api.github.com/users/larruda/events{/privacy},https://api.github.com/users/larruda/received_events,public,2026-01-25T05:35:02.947987+00:00
117853378,User,VolkovGeoPhy,U_kgDOBwZMwg,False,https://avatars.githubusercontent.com/u/117853378?v=4,https://api.github.com/users/VolkovGeoPhy,https://github.com/VolkovGeoPhy,https://api.github.com/users/VolkovGeoPhy/followers,https://api.github.com/users/VolkovGeoPhy/following{/other_user},https://api.github.com/users/VolkovGeoPhy/gists{/gist_id},https://api.github.com/users/VolkovGeoPhy/starred{/owner}{/repo},https://api.github.com/users/VolkovGeoPhy/subscriptions,https://api.github.com/users/VolkovGeoPhy/orgs,https://api.github.com/users/VolkovGeoPhy/repos,https://api.github.com/users/VolkovGeoPhy/events{/privacy},https://api.github.com/users/VolkovGeoPhy/received_events,public,2026-01-25T05:35:02.947987+00:00
138754281,User,andreasdmb2b,U_kgDOCEU46Q,False,https://avatars.githubusercontent.com/u/138754281?v=4,https://api.github.com/users/andreasdmb2b,https://github.com/andreasdmb2b,https://api.github.com/users/andreasdmb2b/followers,https://api.github.com/users/andreasdmb2b/following{/other_user},https://api.github.com/users/andreasdmb2b/gists{/gist_id},https://api.github.com/users/andreasdmb2b/starred{/owner}{/repo},https://api.github.com/users/andreasdmb2b/subscriptions,https://api.github.com/users/andreasdmb2b/orgs,https://api.github.com/users/andreasdmb2b/repos,https://api.github.com/users/andreasdmb2b/events{/privacy},https://api.github.com/users/andreasdmb2b/received_events,public,2026-01-25T05:35:02.947987+00:00
131334459,User,zono-zono,U_kgDOB9QBOw,False,https://avatars.githubusercontent.com/u/131334459?v=4,https://api.github.com/users/zono-zono,https://github.com/zono-zono,https://api.github.com/users/zono-zono/followers,https://api.github.com/users/zono-zono/following{/other_user},https://api.github.com/users/zono-zono/gists{/gist_id},https://api.github.com/users/zono-zono/starred{/owner}{/repo},https://api.github.com/users/zono-zono/subscriptions,https://api.github.com/users/zono-zono/orgs,https://api.github.com/users/zono-zono/repos,https://api.github.com/users/zono-zono/events{/privacy},https://api.github.com/users/zono-zono/received_events,public,2026-01-25T05:35:02.947987+00:00
27180384,User,dgajendr,MDQ6VXNlcjI3MTgwMzg0,False,https://avatars.githubusercontent.com/u/27180384?v=4,https://api.github.com/users/dgajendr,https://github.com/dgajendr,https://api.github.com/users/dgajendr/followers,https://api.github.com/users/dgajendr/following{/other_user},https://api.github.com/users/dgajendr/gists{/gist_id},https://api.github.com/users/dgajendr/starred{/owner}{/repo},https://api.github.com/users/dgajendr/subscriptions,https://api.github.com/users/dgajendr/orgs,https://api.github.com/users/dgajendr/repos,https://api.github.com/users/dgajendr/events{/privacy},https://api.github.com/users/dgajendr/received_events,public,2026-01-25T05:35:02.947987+00:00
209740776,User,ThiloSchneider-fraport,U_kgDODIBj6A,False,https://avatars.githubusercontent.com/u/209740776?v=4,https://api.github.com/users/ThiloSchneider-fraport,https://github.com/ThiloSchneider-fraport,https://api.github.com/users/ThiloSchneider-fraport/followers,https://api.github.com/users/ThiloSchneider-fraport/following{/other_user},https://api.github.com/users/ThiloSchneider-fraport/gists{/gist_id},https://api.github.com/users/ThiloSchneider-fraport/starred{/owner}{/repo},https://api.github.com/users/ThiloSchneider-fraport/subscriptions,https://api.github.com/users/ThiloSchneider-fraport/orgs,https://api.github.com/users/ThiloSchneider-fraport/repos,https://api.github.com/users/ThiloSchneider-fraport/events{/privacy},https://api.github.com/users/ThiloSchneider-fraport/received_events,public,2026-01-25T05:35:02.947987+00:00
198041471,User,kpmg-rvangenechten,U_kgDOC83ffw,False,https://avatars.githubusercontent.com/u/198041471?v=4,https://api.github.com/users/kpmg-rvangenechten,https://github.com/kpmg-rvangenechten,https://api.github.com/users/kpmg-rvangenechten/followers,https://api.github.com/users/kpmg-rvangenechten/following{/other_user},https://api.github.com/users/kpmg-rvangenechten/gists{/gist_id},https://api.github.com/users/kpmg-rvangenechten/starred{/owner}{/repo},https://api.github.com/users/kpmg-rvangenechten/subscriptions,https://api.github.com/users/kpmg-rvangenechten/orgs,https://api.github.com/users/kpmg-rvangenechten/repos,https://api.github.com/users/kpmg-rvangenechten/events{/privacy},https://api.github.com/users/kpmg-rvangenechten/received_events,public,2026-01-25T05:35:02.947987+00:00
44903895,User,gavetisyanca,MDQ6VXNlcjQ0OTAzODk1,False,https://avatars.githubusercontent.com/u/44903895?v=4,https://api.github.com/users/gavetisyanca,https://github.com/gavetisyanca,https://api.github.com/users/gavetisyanca/followers,https://api.github.com/users/gavetisyanca/following{/other_user},https://api.github.com/users/gavetisyanca/gists{/gist_id},https://api.github.com/users/gavetisyanca/starred{/owner}{/repo},https://api.github.com/users/gavetisyanca/subscriptions,https://api.github.com/users/gavetisyanca/orgs,https://api.github.com/users/gavetisyanca/repos,https://api.github.com/users/gavetisyanca/events{/privacy},https://api.github.com/users/gavetisyanca/received_events,public,2026-01-25T05:35:02.947987+00:00
55550300,User,Zaquen,MDQ6VXNlcjU1NTUwMzAw,False,https://avatars.githubusercontent.com/u/55550300?v=4,https://api.github.com/users/Zaquen,https://github.com/Zaquen,https://api.github.com/users/Zaquen/followers,https://api.github.com/users/Zaquen/following{/other_user},https://api.github.com/users/Zaquen/gists{/gist_id},https://api.github.com/users/Zaquen/starred{/owner}{/repo},https://api.github.com/users/Zaquen/subscriptions,https://api.github.com/users/Zaquen/orgs,https://api.github.com/users/Zaquen/repos,https://api.github.com/users/Zaquen/events{/privacy},https://api.github.com/users/Zaquen/received_events,public,2026-01-25T05:35:02.947987+00:00
159802895,User,vasilijyaromenka,U_kgDOCYZmDw,False,https://avatars.githubusercontent.com/u/159802895?v=4,https://api.github.com/users/vasilijyaromenka,https://github.com/vasilijyaromenka,https://api.github.com/users/vasilijyaromenka/followers,https://api.github.com/users/vasilijyaromenka/following{/other_user},https://api.github.com/users/vasilijyaromenka/gists{/gist_id},https://api.github.com/users/vasilijyaromenka/starred{/owner}{/repo},https://api.github.com/users/vasilijyaromenka/subscriptions,https://api.github.com/users/vasilijyaromenka/orgs,https://api.github.com/users/vasilijyaromenka/repos,https://api.github.com/users/vasilijyaromenka/events{/privacy},https://api.github.com/users/vasilijyaromenka/received_events,public,2026-01-25T05:35:02.947987+00:00
34453918,User,kunaljubce,MDQ6VXNlcjM0NDUzOTE4,False,https://avatars.githubusercontent.com/u/34453918?v=4,https://api.github.com/users/kunaljubce,https://github.com/kunaljubce,https://api.github.com/users/kunaljubce/followers,https://api.github.com/users/kunaljubce/following{/other_user},https://api.github.com/users/kunaljubce/gists{/gist_id},https://api.github.com/users/kunaljubce/starred{/owner}{/repo},https://api.github.com/users/kunaljubce/subscriptions,https://api.github.com/users/kunaljubce/orgs,https://api.github.com/users/kunaljubce/repos,https://api.github.com/users/kunaljubce/events{/privacy},https://api.github.com/users/kunaljubce/received_events,public,2026-01-25T05:35:02.947987+00:00
206818948,User,divdeconnct,U_kgDODFPOhA,False,https://avatars.githubusercontent.com/u/206818948?v=4,https://api.github.com/users/divdeconnct,https://github.com/divdeconnct,https://api.github.com/users/divdeconnct/followers,https://api.github.com/users/divdeconnct/following{/other_user},https://api.github.com/users/divdeconnct/gists{/gist_id},https://api.github.com/users/divdeconnct/starred{/owner}{/repo},https://api.github.com/users/divdeconnct/subscriptions,https://api.github.com/users/divdeconnct/orgs,https://api.github.com/users/divdeconnct/repos,https://api.github.com/users/divdeconnct/events{/privacy},https://api.github.com/users/divdeconnct/received_events,public,2026-01-25T05:35:02.947987+00:00
87568781,User,hemalrajput,MDQ6VXNlcjg3NTY4Nzgx,False,https://avatars.githubusercontent.com/u/87568781?v=4,https://api.github.com/users/hemalrajput,https://github.com/hemalrajput,https://api.github.com/users/hemalrajput/followers,https://api.github.com/users/hemalrajput/following{/other_user},https://api.github.com/users/hemalrajput/gists{/gist_id},https://api.github.com/users/hemalrajput/starred{/owner}{/repo},https://api.github.com/users/hemalrajput/subscriptions,https://api.github.com/users/hemalrajput/orgs,https://api.github.com/users/hemalrajput/repos,https://api.github.com/users/hemalrajput/events{/privacy},https://api.github.com/users/hemalrajput/received_events,public,2026-01-25T05:35:02.947987+00:00
1319049,User,ccravens,MDQ6VXNlcjEzMTkwNDk=,False,https://avatars.githubusercontent.com/u/1319049?v=4,https://api.github.com/users/ccravens,https://github.com/ccravens,https://api.github.com/users/ccravens/followers,https://api.github.com/users/ccravens/following{/other_user},https://api.github.com/users/ccravens/gists{/gist_id},https://api.github.com/users/ccravens/starred{/owner}{/repo},https://api.github.com/users/ccravens/subscriptions,https://api.github.com/users/ccravens/orgs,https://api.github.com/users/ccravens/repos,https://api.github.com/users/ccravens/events{/privacy},https://api.github.com/users/ccravens/received_events,public,2026-01-25T05:35:02.947987+00:00
120472952,User,jwalant-dattani,U_kgDOBy5FeA,False,https://avatars.githubusercontent.com/u/120472952?v=4,https://api.github.com/users/jwalant-dattani,https://github.com/jwalant-dattani,https://api.github.com/users/jwalant-dattani/followers,https://api.github.com/users/jwalant-dattani/following{/other_user},https://api.github.com/users/jwalant-dattani/gists{/gist_id},https://api.github.com/users/jwalant-dattani/starred{/owner}{/repo},https://api.github.com/users/jwalant-dattani/subscriptions,https://api.github.com/users/jwalant-dattani/orgs,https://api.github.com/users/jwalant-dattani/repos,https://api.github.com/users/jwalant-dattani/events{/privacy},https://api.github.com/users/jwalant-dattani/received_events,public,2026-01-25T05:35:02.947987+00:00
15719718,User,CrossNox,MDQ6VXNlcjE1NzE5NzE4,False,https://avatars.githubusercontent.com/u/15719718?v=4,https://api.github.com/users/CrossNox,https://github.com/CrossNox,https://api.github.com/users/CrossNox/followers,https://api.github.com/users/CrossNox/following{/other_user},https://api.github.com/users/CrossNox/gists{/gist_id},https://api.github.com/users/CrossNox/starred{/owner}{/repo},https://api.github.com/users/CrossNox/subscriptions,https://api.github.com/users/CrossNox/orgs,https://api.github.com/users/CrossNox/repos,https://api.github.com/users/CrossNox/events{/privacy},https://api.github.com/users/CrossNox/received_events,public,2026-01-25T05:35:02.947987+00:00
69572282,User,ayaan-ak-1,MDQ6VXNlcjY5NTcyMjgy,False,https://avatars.githubusercontent.com/u/69572282?v=4,https://api.github.com/users/ayaan-ak-1,https://github.com/ayaan-ak-1,https://api.github.com/users/ayaan-ak-1/followers,https://api.github.com/users/ayaan-ak-1/following{/other_user},https://api.github.com/users/ayaan-ak-1/gists{/gist_id},https://api.github.com/users/ayaan-ak-1/starred{/owner}{/repo},https://api.github.com/users/ayaan-ak-1/subscriptions,https://api.github.com/users/ayaan-ak-1/orgs,https://api.github.com/users/ayaan-ak-1/repos,https://api.github.com/users/ayaan-ak-1/events{/privacy},https://api.github.com/users/ayaan-ak-1/received_events,public,2026-01-25T05:35:02.947987+00:00
18755049,User,BleckJeck,MDQ6VXNlcjE4NzU1MDQ5,False,https://avatars.githubusercontent.com/u/18755049?v=4,https://api.github.com/users/BleckJeck,https://github.com/BleckJeck,https://api.github.com/users/BleckJeck/followers,https://api.github.com/users/BleckJeck/following{/other_user},https://api.github.com/users/BleckJeck/gists{/gist_id},https://api.github.com/users/BleckJeck/starred{/owner}{/repo},https://api.github.com/users/BleckJeck/subscriptions,https://api.github.com/users/BleckJeck/orgs,https://api.github.com/users/BleckJeck/repos,https://api.github.com/users/BleckJeck/events{/privacy},https://api.github.com/users/BleckJeck/received_events,public,2026-01-25T05:35:02.947987+00:00
203651560,User,HOsthues,U_kgDODCN56A,False,https://avatars.githubusercontent.com/u/203651560?v=4,https://api.github.com/users/HOsthues,https://github.com/HOsthues,https://api.github.com/users/HOsthues/followers,https://api.github.com/users/HOsthues/following{/other_user},https://api.github.com/users/HOsthues/gists{/gist_id},https://api.github.com/users/HOsthues/starred{/owner}{/repo},https://api.github.com/users/HOsthues/subscriptions,https://api.github.com/users/HOsthues/orgs,https://api.github.com/users/HOsthues/repos,https://api.github.com/users/HOsthues/events{/privacy},https://api.github.com/users/HOsthues/received_events,public,2026-01-25T05:35:02.947987+00:00
32420956,User,Gudsfile,MDQ6VXNlcjMyNDIwOTU2,False,https://avatars.githubusercontent.com/u/32420956?v=4,https://api.github.com/users/Gudsfile,https://github.com/Gudsfile,https://api.github.com/users/Gudsfile/followers,https://api.github.com/users/Gudsfile/following{/other_user},https://api.github.com/users/Gudsfile/gists{/gist_id},https://api.github.com/users/Gudsfile/starred{/owner}{/repo},https://api.github.com/users/Gudsfile/subscriptions,https://api.github.com/users/Gudsfile/orgs,https://api.github.com/users/Gudsfile/repos,https://api.github.com/users/Gudsfile/events{/privacy},https://api.github.com/users/Gudsfile/received_events,public,2026-01-25T05:35:02.947987+00:00
26366036,User,jagpsz,MDQ6VXNlcjI2MzY2MDM2,False,https://avatars.githubusercontent.com/u/26366036?v=4,https://api.github.com/users/jagpsz,https://github.com/jagpsz,https://api.github.com/users/jagpsz/followers,https://api.github.com/users/jagpsz/following{/other_user},https://api.github.com/users/jagpsz/gists{/gist_id},https://api.github.com/users/jagpsz/starred{/owner}{/repo},https://api.github.com/users/jagpsz/subscriptions,https://api.github.com/users/jagpsz/orgs,https://api.github.com/users/jagpsz/repos,https://api.github.com/users/jagpsz/events{/privacy},https://api.github.com/users/jagpsz/received_events,public,2026-01-25T05:35:02.947987+00:00
55587302,User,RanjeetSoni116,MDQ6VXNlcjU1NTg3MzAy,False,https://avatars.githubusercontent.com/u/55587302?v=4,https://api.github.com/users/RanjeetSoni116,https://github.com/RanjeetSoni116,https://api.github.com/users/RanjeetSoni116/followers,https://api.github.com/users/RanjeetSoni116/following{/other_user},https://api.github.com/users/RanjeetSoni116/gists{/gist_id},https://api.github.com/users/RanjeetSoni116/starred{/owner}{/repo},https://api.github.com/users/RanjeetSoni116/subscriptions,https://api.github.com/users/RanjeetSoni116/orgs,https://api.github.com/users/RanjeetSoni116/repos,https://api.github.com/users/RanjeetSoni116/events{/privacy},https://api.github.com/users/RanjeetSoni116/received_events,public,2026-01-25T05:35:02.947987+00:00
49356216,User,MithunMi97,MDQ6VXNlcjQ5MzU2MjE2,False,https://avatars.githubusercontent.com/u/49356216?v=4,https://api.github.com/users/MithunMi97,https://github.com/MithunMi97,https://api.github.com/users/MithunMi97/followers,https://api.github.com/users/MithunMi97/following{/other_user},https://api.github.com/users/MithunMi97/gists{/gist_id},https://api.github.com/users/MithunMi97/starred{/owner}{/repo},https://api.github.com/users/MithunMi97/subscriptions,https://api.github.com/users/MithunMi97/orgs,https://api.github.com/users/MithunMi97/repos,https://api.github.com/users/MithunMi97/events{/privacy},https://api.github.com/users/MithunMi97/received_events,public,2026-01-25T05:35:02.947987+00:00
25889304,User,jaepil-choi,MDQ6VXNlcjI1ODg5MzA0,False,https://avatars.githubusercontent.com/u/25889304?v=4,https://api.github.com/users/jaepil-choi,https://github.com/jaepil-choi,https://api.github.com/users/jaepil-choi/followers,https://api.github.com/users/jaepil-choi/following{/other_user},https://api.github.com/users/jaepil-choi/gists{/gist_id},https://api.github.com/users/jaepil-choi/starred{/owner}{/repo},https://api.github.com/users/jaepil-choi/subscriptions,https://api.github.com/users/jaepil-choi/orgs,https://api.github.com/users/jaepil-choi/repos,https://api.github.com/users/jaepil-choi/events{/privacy},https://api.github.com/users/jaepil-choi/received_events,public,2026-01-25T05:35:02.947987+00:00
194818872,User,nameless-t,U_kgDOC5yzOA,False,https://avatars.githubusercontent.com/u/194818872?v=4,https://api.github.com/users/nameless-t,https://github.com/nameless-t,https://api.github.com/users/nameless-t/followers,https://api.github.com/users/nameless-t/following{/other_user},https://api.github.com/users/nameless-t/gists{/gist_id},https://api.github.com/users/nameless-t/starred{/owner}{/repo},https://api.github.com/users/nameless-t/subscriptions,https://api.github.com/users/nameless-t/orgs,https://api.github.com/users/nameless-t/repos,https://api.github.com/users/nameless-t/events{/privacy},https://api.github.com/users/nameless-t/received_events,public,2026-01-25T05:35:02.947987+00:00
1622667,User,BrentEaston,MDQ6VXNlcjE2MjI2Njc=,False,https://avatars.githubusercontent.com/u/1622667?v=4,https://api.github.com/users/BrentEaston,https://github.com/BrentEaston,https://api.github.com/users/BrentEaston/followers,https://api.github.com/users/BrentEaston/following{/other_user},https://api.github.com/users/BrentEaston/gists{/gist_id},https://api.github.com/users/BrentEaston/starred{/owner}{/repo},https://api.github.com/users/BrentEaston/subscriptions,https://api.github.com/users/BrentEaston/orgs,https://api.github.com/users/BrentEaston/repos,https://api.github.com/users/BrentEaston/events{/privacy},https://api.github.com/users/BrentEaston/received_events,public,2026-01-25T05:35:02.947987+00:00
12035308,User,suchintakp5,MDQ6VXNlcjEyMDM1MzA4,False,https://avatars.githubusercontent.com/u/12035308?v=4,https://api.github.com/users/suchintakp5,https://github.com/suchintakp5,https://api.github.com/users/suchintakp5/followers,https://api.github.com/users/suchintakp5/following{/other_user},https://api.github.com/users/suchintakp5/gists{/gist_id},https://api.github.com/users/suchintakp5/starred{/owner}{/repo},https://api.github.com/users/suchintakp5/subscriptions,https://api.github.com/users/suchintakp5/orgs,https://api.github.com/users/suchintakp5/repos,https://api.github.com/users/suchintakp5/events{/privacy},https://api.github.com/users/suchintakp5/received_events,public,2026-01-25T05:35:02.947987+00:00
58596734,User,sarvesh1911,MDQ6VXNlcjU4NTk2NzM0,False,https://avatars.githubusercontent.com/u/58596734?v=4,https://api.github.com/users/sarvesh1911,https://github.com/sarvesh1911,https://api.github.com/users/sarvesh1911/followers,https://api.github.com/users/sarvesh1911/following{/other_user},https://api.github.com/users/sarvesh1911/gists{/gist_id},https://api.github.com/users/sarvesh1911/starred{/owner}{/repo},https://api.github.com/users/sarvesh1911/subscriptions,https://api.github.com/users/sarvesh1911/orgs,https://api.github.com/users/sarvesh1911/repos,https://api.github.com/users/sarvesh1911/events{/privacy},https://api.github.com/users/sarvesh1911/received_events,public,2026-01-25T05:35:02.947987+00:00
99811977,User,bluinchiostro,U_kgDOBfMCiQ,False,https://avatars.githubusercontent.com/u/99811977?v=4,https://api.github.com/users/bluinchiostro,https://github.com/bluinchiostro,https://api.github.com/users/bluinchiostro/followers,https://api.github.com/users/bluinchiostro/following{/other_user},https://api.github.com/users/bluinchiostro/gists{/gist_id},https://api.github.com/users/bluinchiostro/starred{/owner}{/repo},https://api.github.com/users/bluinchiostro/subscriptions,https://api.github.com/users/bluinchiostro/orgs,https://api.github.com/users/bluinchiostro/repos,https://api.github.com/users/bluinchiostro/events{/privacy},https://api.github.com/users/bluinchiostro/received_events,public,2026-01-25T05:35:02.947987+00:00
18721804,User,eric-brady,MDQ6VXNlcjE4NzIxODA0,False,https://avatars.githubusercontent.com/u/18721804?v=4,https://api.github.com/users/eric-brady,https://github.com/eric-brady,https://api.github.com/users/eric-brady/followers,https://api.github.com/users/eric-brady/following{/other_user},https://api.github.com/users/eric-brady/gists{/gist_id},https://api.github.com/users/eric-brady/starred{/owner}{/repo},https://api.github.com/users/eric-brady/subscriptions,https://api.github.com/users/eric-brady/orgs,https://api.github.com/users/eric-brady/repos,https://api.github.com/users/eric-brady/events{/privacy},https://api.github.com/users/eric-brady/received_events,public,2026-01-25T05:35:02.947987+00:00
39552232,User,mcompen,MDQ6VXNlcjM5NTUyMjMy,False,https://avatars.githubusercontent.com/u/39552232?v=4,https://api.github.com/users/mcompen,https://github.com/mcompen,https://api.github.com/users/mcompen/followers,https://api.github.com/users/mcompen/following{/other_user},https://api.github.com/users/mcompen/gists{/gist_id},https://api.github.com/users/mcompen/starred{/owner}{/repo},https://api.github.com/users/mcompen/subscriptions,https://api.github.com/users/mcompen/orgs,https://api.github.com/users/mcompen/repos,https://api.github.com/users/mcompen/events{/privacy},https://api.github.com/users/mcompen/received_events,public,2026-01-25T05:35:02.947987+00:00
132047493,User,Max-Bld,U_kgDOB97ihQ,False,https://avatars.githubusercontent.com/u/132047493?v=4,https://api.github.com/users/Max-Bld,https://github.com/Max-Bld,https://api.github.com/users/Max-Bld/followers,https://api.github.com/users/Max-Bld/following{/other_user},https://api.github.com/users/Max-Bld/gists{/gist_id},https://api.github.com/users/Max-Bld/starred{/owner}{/repo},https://api.github.com/users/Max-Bld/subscriptions,https://api.github.com/users/Max-Bld/orgs,https://api.github.com/users/Max-Bld/repos,https://api.github.com/users/Max-Bld/events{/privacy},https://api.github.com/users/Max-Bld/received_events,public,2026-01-25T05:35:02.947987+00:00
109935142,User,GukjinHan,U_kgDOBo16Jg,False,https://avatars.githubusercontent.com/u/109935142?v=4,https://api.github.com/users/GukjinHan,https://github.com/GukjinHan,https://api.github.com/users/GukjinHan/followers,https://api.github.com/users/GukjinHan/following{/other_user},https://api.github.com/users/GukjinHan/gists{/gist_id},https://api.github.com/users/GukjinHan/starred{/owner}{/repo},https://api.github.com/users/GukjinHan/subscriptions,https://api.github.com/users/GukjinHan/orgs,https://api.github.com/users/GukjinHan/repos,https://api.github.com/users/GukjinHan/events{/privacy},https://api.github.com/users/GukjinHan/received_events,public,2026-01-25T05:35:02.947987+00:00
21293324,User,krishnasism,MDQ6VXNlcjIxMjkzMzI0,False,https://avatars.githubusercontent.com/u/21293324?v=4,https://api.github.com/users/krishnasism,https://github.com/krishnasism,https://api.github.com/users/krishnasism/followers,https://api.github.com/users/krishnasism/following{/other_user},https://api.github.com/users/krishnasism/gists{/gist_id},https://api.github.com/users/krishnasism/starred{/owner}{/repo},https://api.github.com/users/krishnasism/subscriptions,https://api.github.com/users/krishnasism/orgs,https://api.github.com/users/krishnasism/repos,https://api.github.com/users/krishnasism/events{/privacy},https://api.github.com/users/krishnasism/received_events,public,2026-01-25T05:35:02.947987+00:00
6271065,User,xaniasd,MDQ6VXNlcjYyNzEwNjU=,False,https://avatars.githubusercontent.com/u/6271065?v=4,https://api.github.com/users/xaniasd,https://github.com/xaniasd,https://api.github.com/users/xaniasd/followers,https://api.github.com/users/xaniasd/following{/other_user},https://api.github.com/users/xaniasd/gists{/gist_id},https://api.github.com/users/xaniasd/starred{/owner}{/repo},https://api.github.com/users/xaniasd/subscriptions,https://api.github.com/users/xaniasd/orgs,https://api.github.com/users/xaniasd/repos,https://api.github.com/users/xaniasd/events{/privacy},https://api.github.com/users/xaniasd/received_events,public,2026-01-25T05:35:02.947987+00:00
47619524,User,tegarbratasena,MDQ6VXNlcjQ3NjE5NTI0,False,https://avatars.githubusercontent.com/u/47619524?v=4,https://api.github.com/users/tegarbratasena,https://github.com/tegarbratasena,https://api.github.com/users/tegarbratasena/followers,https://api.github.com/users/tegarbratasena/following{/other_user},https://api.github.com/users/tegarbratasena/gists{/gist_id},https://api.github.com/users/tegarbratasena/starred{/owner}{/repo},https://api.github.com/users/tegarbratasena/subscriptions,https://api.github.com/users/tegarbratasena/orgs,https://api.github.com/users/tegarbratasena/repos,https://api.github.com/users/tegarbratasena/events{/privacy},https://api.github.com/users/tegarbratasena/received_events,public,2026-01-25T05:35:02.947987+00:00
35413649,User,philsv,MDQ6VXNlcjM1NDEzNjQ5,False,https://avatars.githubusercontent.com/u/35413649?v=4,https://api.github.com/users/philsv,https://github.com/philsv,https://api.github.com/users/philsv/followers,https://api.github.com/users/philsv/following{/other_user},https://api.github.com/users/philsv/gists{/gist_id},https://api.github.com/users/philsv/starred{/owner}{/repo},https://api.github.com/users/philsv/subscriptions,https://api.github.com/users/philsv/orgs,https://api.github.com/users/philsv/repos,https://api.github.com/users/philsv/events{/privacy},https://api.github.com/users/philsv/received_events,public,2026-01-25T05:35:02.947987+00:00
25622698,User,jschra,MDQ6VXNlcjI1NjIyNjk4,False,https://avatars.githubusercontent.com/u/25622698?v=4,https://api.github.com/users/jschra,https://github.com/jschra,https://api.github.com/users/jschra/followers,https://api.github.com/users/jschra/following{/other_user},https://api.github.com/users/jschra/gists{/gist_id},https://api.github.com/users/jschra/starred{/owner}{/repo},https://api.github.com/users/jschra/subscriptions,https://api.github.com/users/jschra/orgs,https://api.github.com/users/jschra/repos,https://api.github.com/users/jschra/events{/privacy},https://api.github.com/users/jschra/received_events,public,2026-01-25T05:35:02.947987+00:00
40862682,User,pratik-choudhari,MDQ6VXNlcjQwODYyNjgy,False,https://avatars.githubusercontent.com/u/40862682?v=4,https://api.github.com/users/pratik-choudhari,https://github.com/pratik-choudhari,https://api.github.com/users/pratik-choudhari/followers,https://api.github.com/users/pratik-choudhari/following{/other_user},https://api.github.com/users/pratik-choudhari/gists{/gist_id},https://api.github.com/users/pratik-choudhari/starred{/owner}{/repo},https://api.github.com/users/pratik-choudhari/subscriptions,https://api.github.com/users/pratik-choudhari/orgs,https://api.github.com/users/pratik-choudhari/repos,https://api.github.com/users/pratik-choudhari/events{/privacy},https://api.github.com/users/pratik-choudhari/received_events,public,2026-01-25T05:35:02.947987+00:00
110530873,User,Erua-chijioke,U_kgDOBpaROQ,False,https://avatars.githubusercontent.com/u/110530873?v=4,https://api.github.com/users/Erua-chijioke,https://github.com/Erua-chijioke,https://api.github.com/users/Erua-chijioke/followers,https://api.github.com/users/Erua-chijioke/following{/other_user},https://api.github.com/users/Erua-chijioke/gists{/gist_id},https://api.github.com/users/Erua-chijioke/starred{/owner}{/repo},https://api.github.com/users/Erua-chijioke/subscriptions,https://api.github.com/users/Erua-chijioke/orgs,https://api.github.com/users/Erua-chijioke/repos,https://api.github.com/users/Erua-chijioke/events{/privacy},https://api.github.com/users/Erua-chijioke/received_events,public,2026-01-25T05:35:02.947987+00:00
51312880,User,data-han,MDQ6VXNlcjUxMzEyODgw,False,https://avatars.githubusercontent.com/u/51312880?v=4,https://api.github.com/users/data-han,https://github.com/data-han,https://api.github.com/users/data-han/followers,https://api.github.com/users/data-han/following{/other_user},https://api.github.com/users/data-han/gists{/gist_id},https://api.github.com/users/data-han/starred{/owner}{/repo},https://api.github.com/users/data-han/subscriptions,https://api.github.com/users/data-han/orgs,https://api.github.com/users/data-han/repos,https://api.github.com/users/data-han/events{/privacy},https://api.github.com/users/data-han/received_events,public,2026-01-25T05:35:02.947987+00:00
45427365,User,tnhgiang,MDQ6VXNlcjQ1NDI3MzY1,False,https://avatars.githubusercontent.com/u/45427365?v=4,https://api.github.com/users/tnhgiang,https://github.com/tnhgiang,https://api.github.com/users/tnhgiang/followers,https://api.github.com/users/tnhgiang/following{/other_user},https://api.github.com/users/tnhgiang/gists{/gist_id},https://api.github.com/users/tnhgiang/starred{/owner}{/repo},https://api.github.com/users/tnhgiang/subscriptions,https://api.github.com/users/tnhgiang/orgs,https://api.github.com/users/tnhgiang/repos,https://api.github.com/users/tnhgiang/events{/privacy},https://api.github.com/users/tnhgiang/received_events,public,2026-01-25T05:35:02.947987+00:00
103126644,User,mhaaan,U_kgDOBiWWdA,False,https://avatars.githubusercontent.com/u/103126644?v=4,https://api.github.com/users/mhaaan,https://github.com/mhaaan,https://api.github.com/users/mhaaan/followers,https://api.github.com/users/mhaaan/following{/other_user},https://api.github.com/users/mhaaan/gists{/gist_id},https://api.github.com/users/mhaaan/starred{/owner}{/repo},https://api.github.com/users/mhaaan/subscriptions,https://api.github.com/users/mhaaan/orgs,https://api.github.com/users/mhaaan/repos,https://api.github.com/users/mhaaan/events{/privacy},https://api.github.com/users/mhaaan/received_events,public,2026-01-25T05:35:02.947987+00:00
98494462,User,PS-Priyanka,U_kgDOBd7n_g,False,https://avatars.githubusercontent.com/u/98494462?v=4,https://api.github.com/users/PS-Priyanka,https://github.com/PS-Priyanka,https://api.github.com/users/PS-Priyanka/followers,https://api.github.com/users/PS-Priyanka/following{/other_user},https://api.github.com/users/PS-Priyanka/gists{/gist_id},https://api.github.com/users/PS-Priyanka/starred{/owner}{/repo},https://api.github.com/users/PS-Priyanka/subscriptions,https://api.github.com/users/PS-Priyanka/orgs,https://api.github.com/users/PS-Priyanka/repos,https://api.github.com/users/PS-Priyanka/events{/privacy},https://api.github.com/users/PS-Priyanka/received_events,public,2026-01-25T05:35:02.947987+00:00
102150194,User,indresh-singh,U_kgDOBhawMg,False,https://avatars.githubusercontent.com/u/102150194?v=4,https://api.github.com/users/indresh-singh,https://github.com/indresh-singh,https://api.github.com/users/indresh-singh/followers,https://api.github.com/users/indresh-singh/following{/other_user},https://api.github.com/users/indresh-singh/gists{/gist_id},https://api.github.com/users/indresh-singh/starred{/owner}{/repo},https://api.github.com/users/indresh-singh/subscriptions,https://api.github.com/users/indresh-singh/orgs,https://api.github.com/users/indresh-singh/repos,https://api.github.com/users/indresh-singh/events{/privacy},https://api.github.com/users/indresh-singh/received_events,public,2026-01-25T05:35:02.947987+00:00
169456230,User,vasilicommify,U_kgDOChmyZg,False,https://avatars.githubusercontent.com/u/169456230?v=4,https://api.github.com/users/vasilicommify,https://github.com/vasilicommify,https://api.github.com/users/vasilicommify/followers,https://api.github.com/users/vasilicommify/following{/other_user},https://api.github.com/users/vasilicommify/gists{/gist_id},https://api.github.com/users/vasilicommify/starred{/owner}{/repo},https://api.github.com/users/vasilicommify/subscriptions,https://api.github.com/users/vasilicommify/orgs,https://api.github.com/users/vasilicommify/repos,https://api.github.com/users/vasilicommify/events{/privacy},https://api.github.com/users/vasilicommify/received_events,public,2026-01-25T05:35:02.947987+00:00
75531784,User,RupeshKeesaram,MDQ6VXNlcjc1NTMxNzg0,False,https://avatars.githubusercontent.com/u/75531784?v=4,https://api.github.com/users/RupeshKeesaram,https://github.com/RupeshKeesaram,https://api.github.com/users/RupeshKeesaram/followers,https://api.github.com/users/RupeshKeesaram/following{/other_user},https://api.github.com/users/RupeshKeesaram/gists{/gist_id},https://api.github.com/users/RupeshKeesaram/starred{/owner}{/repo},https://api.github.com/users/RupeshKeesaram/subscriptions,https://api.github.com/users/RupeshKeesaram/orgs,https://api.github.com/users/RupeshKeesaram/repos,https://api.github.com/users/RupeshKeesaram/events{/privacy},https://api.github.com/users/RupeshKeesaram/received_events,public,2026-01-25T05:35:02.947987+00:00
192863791,User,sengaay,U_kgDOC37eLw,False,https://avatars.githubusercontent.com/u/192863791?v=4,https://api.github.com/users/sengaay,https://github.com/sengaay,https://api.github.com/users/sengaay/followers,https://api.github.com/users/sengaay/following{/other_user},https://api.github.com/users/sengaay/gists{/gist_id},https://api.github.com/users/sengaay/starred{/owner}{/repo},https://api.github.com/users/sengaay/subscriptions,https://api.github.com/users/sengaay/orgs,https://api.github.com/users/sengaay/repos,https://api.github.com/users/sengaay/events{/privacy},https://api.github.com/users/sengaay/received_events,public,2026-01-25T05:35:02.947987+00:00
34317944,User,Frigus007,MDQ6VXNlcjM0MzE3OTQ0,False,https://avatars.githubusercontent.com/u/34317944?v=4,https://api.github.com/users/Frigus007,https://github.com/Frigus007,https://api.github.com/users/Frigus007/followers,https://api.github.com/users/Frigus007/following{/other_user},https://api.github.com/users/Frigus007/gists{/gist_id},https://api.github.com/users/Frigus007/starred{/owner}{/repo},https://api.github.com/users/Frigus007/subscriptions,https://api.github.com/users/Frigus007/orgs,https://api.github.com/users/Frigus007/repos,https://api.github.com/users/Frigus007/events{/privacy},https://api.github.com/users/Frigus007/received_events,public,2026-01-25T05:35:02.947987+00:00
25670697,User,Shinnnyshinshin,MDQ6VXNlcjI1NjcwNjk3,False,https://avatars.githubusercontent.com/u/25670697?v=4,https://api.github.com/users/Shinnnyshinshin,https://github.com/Shinnnyshinshin,https://api.github.com/users/Shinnnyshinshin/followers,https://api.github.com/users/Shinnnyshinshin/following{/other_user},https://api.github.com/users/Shinnnyshinshin/gists{/gist_id},https://api.github.com/users/Shinnnyshinshin/starred{/owner}{/repo},https://api.github.com/users/Shinnnyshinshin/subscriptions,https://api.github.com/users/Shinnnyshinshin/orgs,https://api.github.com/users/Shinnnyshinshin/repos,https://api.github.com/users/Shinnnyshinshin/events{/privacy},https://api.github.com/users/Shinnnyshinshin/received_events,public,2026-01-25T05:35:02.947987+00:00
80781758,User,MidnightRambo,MDQ6VXNlcjgwNzgxNzU4,False,https://avatars.githubusercontent.com/u/80781758?v=4,https://api.github.com/users/MidnightRambo,https://github.com/MidnightRambo,https://api.github.com/users/MidnightRambo/followers,https://api.github.com/users/MidnightRambo/following{/other_user},https://api.github.com/users/MidnightRambo/gists{/gist_id},https://api.github.com/users/MidnightRambo/starred{/owner}{/repo},https://api.github.com/users/MidnightRambo/subscriptions,https://api.github.com/users/MidnightRambo/orgs,https://api.github.com/users/MidnightRambo/repos,https://api.github.com/users/MidnightRambo/events{/privacy},https://api.github.com/users/MidnightRambo/received_events,public,2026-01-25T05:35:02.947987+00:00
80411967,User,marxaem,MDQ6VXNlcjgwNDExOTY3,False,https://avatars.githubusercontent.com/u/80411967?v=4,https://api.github.com/users/marxaem,https://github.com/marxaem,https://api.github.com/users/marxaem/followers,https://api.github.com/users/marxaem/following{/other_user},https://api.github.com/users/marxaem/gists{/gist_id},https://api.github.com/users/marxaem/starred{/owner}{/repo},https://api.github.com/users/marxaem/subscriptions,https://api.github.com/users/marxaem/orgs,https://api.github.com/users/marxaem/repos,https://api.github.com/users/marxaem/events{/privacy},https://api.github.com/users/marxaem/received_events,public,2026-01-25T05:35:02.947987+00:00
185069168,User,ekeras,U_kgDOCwfucA,False,https://avatars.githubusercontent.com/u/185069168?v=4,https://api.github.com/users/ekeras,https://github.com/ekeras,https://api.github.com/users/ekeras/followers,https://api.github.com/users/ekeras/following{/other_user},https://api.github.com/users/ekeras/gists{/gist_id},https://api.github.com/users/ekeras/starred{/owner}{/repo},https://api.github.com/users/ekeras/subscriptions,https://api.github.com/users/ekeras/orgs,https://api.github.com/users/ekeras/repos,https://api.github.com/users/ekeras/events{/privacy},https://api.github.com/users/ekeras/received_events,public,2026-01-25T05:35:02.947987+00:00
18427156,User,zschira,MDQ6VXNlcjE4NDI3MTU2,False,https://avatars.githubusercontent.com/u/18427156?v=4,https://api.github.com/users/zschira,https://github.com/zschira,https://api.github.com/users/zschira/followers,https://api.github.com/users/zschira/following{/other_user},https://api.github.com/users/zschira/gists{/gist_id},https://api.github.com/users/zschira/starred{/owner}{/repo},https://api.github.com/users/zschira/subscriptions,https://api.github.com/users/zschira/orgs,https://api.github.com/users/zschira/repos,https://api.github.com/users/zschira/events{/privacy},https://api.github.com/users/zschira/received_events,public,2026-01-25T05:35:02.947987+00:00
75939868,User,niklasr22,MDQ6VXNlcjc1OTM5ODY4,False,https://avatars.githubusercontent.com/u/75939868?v=4,https://api.github.com/users/niklasr22,https://github.com/niklasr22,https://api.github.com/users/niklasr22/followers,https://api.github.com/users/niklasr22/following{/other_user},https://api.github.com/users/niklasr22/gists{/gist_id},https://api.github.com/users/niklasr22/starred{/owner}{/repo},https://api.github.com/users/niklasr22/subscriptions,https://api.github.com/users/niklasr22/orgs,https://api.github.com/users/niklasr22/repos,https://api.github.com/users/niklasr22/events{/privacy},https://api.github.com/users/niklasr22/received_events,public,2026-01-25T05:35:02.947987+00:00
20583083,User,akmahi,MDQ6VXNlcjIwNTgzMDgz,False,https://avatars.githubusercontent.com/u/20583083?v=4,https://api.github.com/users/akmahi,https://github.com/akmahi,https://api.github.com/users/akmahi/followers,https://api.github.com/users/akmahi/following{/other_user},https://api.github.com/users/akmahi/gists{/gist_id},https://api.github.com/users/akmahi/starred{/owner}{/repo},https://api.github.com/users/akmahi/subscriptions,https://api.github.com/users/akmahi/orgs,https://api.github.com/users/akmahi/repos,https://api.github.com/users/akmahi/events{/privacy},https://api.github.com/users/akmahi/received_events,public,2026-01-25T05:35:02.947987+00:00
2117313,User,TrangPham,MDQ6VXNlcjIxMTczMTM=,False,https://avatars.githubusercontent.com/u/2117313?v=4,https://api.github.com/users/TrangPham,https://github.com/TrangPham,https://api.github.com/users/TrangPham/followers,https://api.github.com/users/TrangPham/following{/other_user},https://api.github.com/users/TrangPham/gists{/gist_id},https://api.github.com/users/TrangPham/starred{/owner}{/repo},https://api.github.com/users/TrangPham/subscriptions,https://api.github.com/users/TrangPham/orgs,https://api.github.com/users/TrangPham/repos,https://api.github.com/users/TrangPham/events{/privacy},https://api.github.com/users/TrangPham/received_events,public,2026-01-25T05:35:02.947987+00:00
1099347,User,iamamutt,MDQ6VXNlcjEwOTkzNDc=,False,https://avatars.githubusercontent.com/u/1099347?v=4,https://api.github.com/users/iamamutt,https://github.com/iamamutt,https://api.github.com/users/iamamutt/followers,https://api.github.com/users/iamamutt/following{/other_user},https://api.github.com/users/iamamutt/gists{/gist_id},https://api.github.com/users/iamamutt/starred{/owner}{/repo},https://api.github.com/users/iamamutt/subscriptions,https://api.github.com/users/iamamutt/orgs,https://api.github.com/users/iamamutt/repos,https://api.github.com/users/iamamutt/events{/privacy},https://api.github.com/users/iamamutt/received_events,public,2026-01-25T05:35:02.947987+00:00
10137,User,ghost,MDQ6VXNlcjEwMTM3,False,https://avatars.githubusercontent.com/u/10137?v=4,https://api.github.com/users/ghost,https://github.com/ghost,https://api.github.com/users/ghost/followers,https://api.github.com/users/ghost/following{/other_user},https://api.github.com/users/ghost/gists{/gist_id},https://api.github.com/users/ghost/starred{/owner}{/repo},https://api.github.com/users/ghost/subscriptions,https://api.github.com/users/ghost/orgs,https://api.github.com/users/ghost/repos,https://api.github.com/users/ghost/events{/privacy},https://api.github.com/users/ghost/received_events,public,2026-01-25T05:35:02.947987+00:00
45820515,User,niatos99,MDQ6VXNlcjQ1ODIwNTE1,False,https://avatars.githubusercontent.com/u/45820515?v=4,https://api.github.com/users/niatos99,https://github.com/niatos99,https://api.github.com/users/niatos99/followers,https://api.github.com/users/niatos99/following{/other_user},https://api.github.com/users/niatos99/gists{/gist_id},https://api.github.com/users/niatos99/starred{/owner}{/repo},https://api.github.com/users/niatos99/subscriptions,https://api.github.com/users/niatos99/orgs,https://api.github.com/users/niatos99/repos,https://api.github.com/users/niatos99/events{/privacy},https://api.github.com/users/niatos99/received_events,public,2026-01-25T05:35:02.947987+00:00
114494196,User,fabio-scarel,U_kgDOBtMK9A,False,https://avatars.githubusercontent.com/u/114494196?v=4,https://api.github.com/users/fabio-scarel,https://github.com/fabio-scarel,https://api.github.com/users/fabio-scarel/followers,https://api.github.com/users/fabio-scarel/following{/other_user},https://api.github.com/users/fabio-scarel/gists{/gist_id},https://api.github.com/users/fabio-scarel/starred{/owner}{/repo},https://api.github.com/users/fabio-scarel/subscriptions,https://api.github.com/users/fabio-scarel/orgs,https://api.github.com/users/fabio-scarel/repos,https://api.github.com/users/fabio-scarel/events{/privacy},https://api.github.com/users/fabio-scarel/received_events,public,2026-01-25T05:35:02.947987+00:00
184228877,User,pishGold,U_kgDOCvscDQ,False,https://avatars.githubusercontent.com/u/184228877?v=4,https://api.github.com/users/pishGold,https://github.com/pishGold,https://api.github.com/users/pishGold/followers,https://api.github.com/users/pishGold/following{/other_user},https://api.github.com/users/pishGold/gists{/gist_id},https://api.github.com/users/pishGold/starred{/owner}{/repo},https://api.github.com/users/pishGold/subscriptions,https://api.github.com/users/pishGold/orgs,https://api.github.com/users/pishGold/repos,https://api.github.com/users/pishGold/events{/privacy},https://api.github.com/users/pishGold/received_events,public,2026-01-25T05:35:02.947987+00:00
45830500,User,isaacmartin1,MDQ6VXNlcjQ1ODMwNTAw,False,https://avatars.githubusercontent.com/u/45830500?v=4,https://api.github.com/users/isaacmartin1,https://github.com/isaacmartin1,https://api.github.com/users/isaacmartin1/followers,https://api.github.com/users/isaacmartin1/following{/other_user},https://api.github.com/users/isaacmartin1/gists{/gist_id},https://api.github.com/users/isaacmartin1/starred{/owner}{/repo},https://api.github.com/users/isaacmartin1/subscriptions,https://api.github.com/users/isaacmartin1/orgs,https://api.github.com/users/isaacmartin1/repos,https://api.github.com/users/isaacmartin1/events{/privacy},https://api.github.com/users/isaacmartin1/received_events,public,2026-01-25T05:35:02.947987+00:00
25042729,User,NathanJM,MDQ6VXNlcjI1MDQyNzI5,False,https://avatars.githubusercontent.com/u/25042729?v=4,https://api.github.com/users/NathanJM,https://github.com/NathanJM,https://api.github.com/users/NathanJM/followers,https://api.github.com/users/NathanJM/following{/other_user},https://api.github.com/users/NathanJM/gists{/gist_id},https://api.github.com/users/NathanJM/starred{/owner}{/repo},https://api.github.com/users/NathanJM/subscriptions,https://api.github.com/users/NathanJM/orgs,https://api.github.com/users/NathanJM/repos,https://api.github.com/users/NathanJM/events{/privacy},https://api.github.com/users/NathanJM/received_events,public,2026-01-25T05:35:02.947987+00:00
107578051,User,strunov,U_kgDOBmmCww,False,https://avatars.githubusercontent.com/u/107578051?v=4,https://api.github.com/users/strunov,https://github.com/strunov,https://api.github.com/users/strunov/followers,https://api.github.com/users/strunov/following{/other_user},https://api.github.com/users/strunov/gists{/gist_id},https://api.github.com/users/strunov/starred{/owner}{/repo},https://api.github.com/users/strunov/subscriptions,https://api.github.com/users/strunov/orgs,https://api.github.com/users/strunov/repos,https://api.github.com/users/strunov/events{/privacy},https://api.github.com/users/strunov/received_events,public,2026-01-25T05:35:02.947987+00:00
175730239,User,TaerimL,U_kgDOCnluPw,False,https://avatars.githubusercontent.com/u/175730239?v=4,https://api.github.com/users/TaerimL,https://github.com/TaerimL,https://api.github.com/users/TaerimL/followers,https://api.github.com/users/TaerimL/following{/other_user},https://api.github.com/users/TaerimL/gists{/gist_id},https://api.github.com/users/TaerimL/starred{/owner}{/repo},https://api.github.com/users/TaerimL/subscriptions,https://api.github.com/users/TaerimL/orgs,https://api.github.com/users/TaerimL/repos,https://api.github.com/users/TaerimL/events{/privacy},https://api.github.com/users/TaerimL/received_events,public,2026-01-25T05:35:02.947987+00:00
66328800,User,Stuzanna,MDQ6VXNlcjY2MzI4ODAw,False,https://avatars.githubusercontent.com/u/66328800?v=4,https://api.github.com/users/Stuzanna,https://github.com/Stuzanna,https://api.github.com/users/Stuzanna/followers,https://api.github.com/users/Stuzanna/following{/other_user},https://api.github.com/users/Stuzanna/gists{/gist_id},https://api.github.com/users/Stuzanna/starred{/owner}{/repo},https://api.github.com/users/Stuzanna/subscriptions,https://api.github.com/users/Stuzanna/orgs,https://api.github.com/users/Stuzanna/repos,https://api.github.com/users/Stuzanna/events{/privacy},https://api.github.com/users/Stuzanna/received_events,public,2026-01-25T05:35:02.947987+00:00
41324509,User,SiddhantSadangi,MDQ6VXNlcjQxMzI0NTA5,False,https://avatars.githubusercontent.com/u/41324509?v=4,https://api.github.com/users/SiddhantSadangi,https://github.com/SiddhantSadangi,https://api.github.com/users/SiddhantSadangi/followers,https://api.github.com/users/SiddhantSadangi/following{/other_user},https://api.github.com/users/SiddhantSadangi/gists{/gist_id},https://api.github.com/users/SiddhantSadangi/starred{/owner}{/repo},https://api.github.com/users/SiddhantSadangi/subscriptions,https://api.github.com/users/SiddhantSadangi/orgs,https://api.github.com/users/SiddhantSadangi/repos,https://api.github.com/users/SiddhantSadangi/events{/privacy},https://api.github.com/users/SiddhantSadangi/received_events,public,2026-01-25T05:35:02.947987+00:00
65377513,User,ibbykhazanchi,MDQ6VXNlcjY1Mzc3NTEz,False,https://avatars.githubusercontent.com/u/65377513?v=4,https://api.github.com/users/ibbykhazanchi,https://github.com/ibbykhazanchi,https://api.github.com/users/ibbykhazanchi/followers,https://api.github.com/users/ibbykhazanchi/following{/other_user},https://api.github.com/users/ibbykhazanchi/gists{/gist_id},https://api.github.com/users/ibbykhazanchi/starred{/owner}{/repo},https://api.github.com/users/ibbykhazanchi/subscriptions,https://api.github.com/users/ibbykhazanchi/orgs,https://api.github.com/users/ibbykhazanchi/repos,https://api.github.com/users/ibbykhazanchi/events{/privacy},https://api.github.com/users/ibbykhazanchi/received_events,public,2026-01-25T05:35:02.947987+00:00
20381545,User,irisywy6201,MDQ6VXNlcjIwMzgxNTQ1,False,https://avatars.githubusercontent.com/u/20381545?v=4,https://api.github.com/users/irisywy6201,https://github.com/irisywy6201,https://api.github.com/users/irisywy6201/followers,https://api.github.com/users/irisywy6201/following{/other_user},https://api.github.com/users/irisywy6201/gists{/gist_id},https://api.github.com/users/irisywy6201/starred{/owner}{/repo},https://api.github.com/users/irisywy6201/subscriptions,https://api.github.com/users/irisywy6201/orgs,https://api.github.com/users/irisywy6201/repos,https://api.github.com/users/irisywy6201/events{/privacy},https://api.github.com/users/irisywy6201/received_events,public,2026-01-25T05:35:02.947987+00:00
34607132,User,Yamden,MDQ6VXNlcjM0NjA3MTMy,False,https://avatars.githubusercontent.com/u/34607132?v=4,https://api.github.com/users/Yamden,https://github.com/Yamden,https://api.github.com/users/Yamden/followers,https://api.github.com/users/Yamden/following{/other_user},https://api.github.com/users/Yamden/gists{/gist_id},https://api.github.com/users/Yamden/starred{/owner}{/repo},https://api.github.com/users/Yamden/subscriptions,https://api.github.com/users/Yamden/orgs,https://api.github.com/users/Yamden/repos,https://api.github.com/users/Yamden/events{/privacy},https://api.github.com/users/Yamden/received_events,public,2026-01-25T05:35:02.947987+00:00
22424814,User,blaze225,MDQ6VXNlcjIyNDI0ODE0,False,https://avatars.githubusercontent.com/u/22424814?v=4,https://api.github.com/users/blaze225,https://github.com/blaze225,https://api.github.com/users/blaze225/followers,https://api.github.com/users/blaze225/following{/other_user},https://api.github.com/users/blaze225/gists{/gist_id},https://api.github.com/users/blaze225/starred{/owner}{/repo},https://api.github.com/users/blaze225/subscriptions,https://api.github.com/users/blaze225/orgs,https://api.github.com/users/blaze225/repos,https://api.github.com/users/blaze225/events{/privacy},https://api.github.com/users/blaze225/received_events,public,2026-01-25T05:35:02.947987+00:00
8114107,User,Chr96er,MDQ6VXNlcjgxMTQxMDc=,False,https://avatars.githubusercontent.com/u/8114107?v=4,https://api.github.com/users/Chr96er,https://github.com/Chr96er,https://api.github.com/users/Chr96er/followers,https://api.github.com/users/Chr96er/following{/other_user},https://api.github.com/users/Chr96er/gists{/gist_id},https://api.github.com/users/Chr96er/starred{/owner}{/repo},https://api.github.com/users/Chr96er/subscriptions,https://api.github.com/users/Chr96er/orgs,https://api.github.com/users/Chr96er/repos,https://api.github.com/users/Chr96er/events{/privacy},https://api.github.com/users/Chr96er/received_events,public,2026-01-25T05:35:02.947987+00:00
23370997,User,tmilitino,MDQ6VXNlcjIzMzcwOTk3,False,https://avatars.githubusercontent.com/u/23370997?v=4,https://api.github.com/users/tmilitino,https://github.com/tmilitino,https://api.github.com/users/tmilitino/followers,https://api.github.com/users/tmilitino/following{/other_user},https://api.github.com/users/tmilitino/gists{/gist_id},https://api.github.com/users/tmilitino/starred{/owner}{/repo},https://api.github.com/users/tmilitino/subscriptions,https://api.github.com/users/tmilitino/orgs,https://api.github.com/users/tmilitino/repos,https://api.github.com/users/tmilitino/events{/privacy},https://api.github.com/users/tmilitino/received_events,public,2026-01-25T05:35:02.947987+00:00
61312176,User,JoeJoe1313,MDQ6VXNlcjYxMzEyMTc2,False,https://avatars.githubusercontent.com/u/61312176?v=4,https://api.github.com/users/JoeJoe1313,https://github.com/JoeJoe1313,https://api.github.com/users/JoeJoe1313/followers,https://api.github.com/users/JoeJoe1313/following{/other_user},https://api.github.com/users/JoeJoe1313/gists{/gist_id},https://api.github.com/users/JoeJoe1313/starred{/owner}{/repo},https://api.github.com/users/JoeJoe1313/subscriptions,https://api.github.com/users/JoeJoe1313/orgs,https://api.github.com/users/JoeJoe1313/repos,https://api.github.com/users/JoeJoe1313/events{/privacy},https://api.github.com/users/JoeJoe1313/received_events,public,2026-01-25T05:35:02.947987+00:00
108900874,User,cah-jamey-weyenberg,U_kgDOBn2yCg,False,https://avatars.githubusercontent.com/u/108900874?v=4,https://api.github.com/users/cah-jamey-weyenberg,https://github.com/cah-jamey-weyenberg,https://api.github.com/users/cah-jamey-weyenberg/followers,https://api.github.com/users/cah-jamey-weyenberg/following{/other_user},https://api.github.com/users/cah-jamey-weyenberg/gists{/gist_id},https://api.github.com/users/cah-jamey-weyenberg/starred{/owner}{/repo},https://api.github.com/users/cah-jamey-weyenberg/subscriptions,https://api.github.com/users/cah-jamey-weyenberg/orgs,https://api.github.com/users/cah-jamey-weyenberg/repos,https://api.github.com/users/cah-jamey-weyenberg/events{/privacy},https://api.github.com/users/cah-jamey-weyenberg/received_events,public,2026-01-25T05:35:02.947987+00:00
1234335,User,rdodev,MDQ6VXNlcjEyMzQzMzU=,False,https://avatars.githubusercontent.com/u/1234335?v=4,https://api.github.com/users/rdodev,https://github.com/rdodev,https://api.github.com/users/rdodev/followers,https://api.github.com/users/rdodev/following{/other_user},https://api.github.com/users/rdodev/gists{/gist_id},https://api.github.com/users/rdodev/starred{/owner}{/repo},https://api.github.com/users/rdodev/subscriptions,https://api.github.com/users/rdodev/orgs,https://api.github.com/users/rdodev/repos,https://api.github.com/users/rdodev/events{/privacy},https://api.github.com/users/rdodev/received_events,public,2026-01-25T05:35:02.947987+00:00
77858111,User,masonhopkins,MDQ6VXNlcjc3ODU4MTEx,False,https://avatars.githubusercontent.com/u/77858111?v=4,https://api.github.com/users/masonhopkins,https://github.com/masonhopkins,https://api.github.com/users/masonhopkins/followers,https://api.github.com/users/masonhopkins/following{/other_user},https://api.github.com/users/masonhopkins/gists{/gist_id},https://api.github.com/users/masonhopkins/starred{/owner}{/repo},https://api.github.com/users/masonhopkins/subscriptions,https://api.github.com/users/masonhopkins/orgs,https://api.github.com/users/masonhopkins/repos,https://api.github.com/users/masonhopkins/events{/privacy},https://api.github.com/users/masonhopkins/received_events,public,2026-01-25T05:35:02.947987+00:00
19615191,User,DCastile,MDQ6VXNlcjE5NjE1MTkx,False,https://avatars.githubusercontent.com/u/19615191?v=4,https://api.github.com/users/DCastile,https://github.com/DCastile,https://api.github.com/users/DCastile/followers,https://api.github.com/users/DCastile/following{/other_user},https://api.github.com/users/DCastile/gists{/gist_id},https://api.github.com/users/DCastile/starred{/owner}{/repo},https://api.github.com/users/DCastile/subscriptions,https://api.github.com/users/DCastile/orgs,https://api.github.com/users/DCastile/repos,https://api.github.com/users/DCastile/events{/privacy},https://api.github.com/users/DCastile/received_events,public,2026-01-25T05:35:02.947987+00:00
730388,User,mccalluc,MDQ6VXNlcjczMDM4OA==,False,https://avatars.githubusercontent.com/u/730388?v=4,https://api.github.com/users/mccalluc,https://github.com/mccalluc,https://api.github.com/users/mccalluc/followers,https://api.github.com/users/mccalluc/following{/other_user},https://api.github.com/users/mccalluc/gists{/gist_id},https://api.github.com/users/mccalluc/starred{/owner}{/repo},https://api.github.com/users/mccalluc/subscriptions,https://api.github.com/users/mccalluc/orgs,https://api.github.com/users/mccalluc/repos,https://api.github.com/users/mccalluc/events{/privacy},https://api.github.com/users/mccalluc/received_events,public,2026-01-25T05:35:02.947987+00:00
4293177,User,lucasvw,MDQ6VXNlcjQyOTMxNzc=,False,https://avatars.githubusercontent.com/u/4293177?v=4,https://api.github.com/users/lucasvw,https://github.com/lucasvw,https://api.github.com/users/lucasvw/followers,https://api.github.com/users/lucasvw/following{/other_user},https://api.github.com/users/lucasvw/gists{/gist_id},https://api.github.com/users/lucasvw/starred{/owner}{/repo},https://api.github.com/users/lucasvw/subscriptions,https://api.github.com/users/lucasvw/orgs,https://api.github.com/users/lucasvw/repos,https://api.github.com/users/lucasvw/events{/privacy},https://api.github.com/users/lucasvw/received_events,public,2026-01-25T05:35:02.947987+00:00
6275663,User,tsitsimis,MDQ6VXNlcjYyNzU2NjM=,False,https://avatars.githubusercontent.com/u/6275663?v=4,https://api.github.com/users/tsitsimis,https://github.com/tsitsimis,https://api.github.com/users/tsitsimis/followers,https://api.github.com/users/tsitsimis/following{/other_user},https://api.github.com/users/tsitsimis/gists{/gist_id},https://api.github.com/users/tsitsimis/starred{/owner}{/repo},https://api.github.com/users/tsitsimis/subscriptions,https://api.github.com/users/tsitsimis/orgs,https://api.github.com/users/tsitsimis/repos,https://api.github.com/users/tsitsimis/events{/privacy},https://api.github.com/users/tsitsimis/received_events,public,2026-01-25T05:35:02.947987+00:00
41352984,User,l00173745,MDQ6VXNlcjQxMzUyOTg0,False,https://avatars.githubusercontent.com/u/41352984?v=4,https://api.github.com/users/l00173745,https://github.com/l00173745,https://api.github.com/users/l00173745/followers,https://api.github.com/users/l00173745/following{/other_user},https://api.github.com/users/l00173745/gists{/gist_id},https://api.github.com/users/l00173745/starred{/owner}{/repo},https://api.github.com/users/l00173745/subscriptions,https://api.github.com/users/l00173745/orgs,https://api.github.com/users/l00173745/repos,https://api.github.com/users/l00173745/events{/privacy},https://api.github.com/users/l00173745/received_events,public,2026-01-25T05:35:02.947987+00:00
4979571,User,vnnw,MDQ6VXNlcjQ5Nzk1NzE=,False,https://avatars.githubusercontent.com/u/4979571?v=4,https://api.github.com/users/vnnw,https://github.com/vnnw,https://api.github.com/users/vnnw/followers,https://api.github.com/users/vnnw/following{/other_user},https://api.github.com/users/vnnw/gists{/gist_id},https://api.github.com/users/vnnw/starred{/owner}{/repo},https://api.github.com/users/vnnw/subscriptions,https://api.github.com/users/vnnw/orgs,https://api.github.com/users/vnnw/repos,https://api.github.com/users/vnnw/events{/privacy},https://api.github.com/users/vnnw/received_events,public,2026-01-25T05:35:02.947987+00:00
